{
    "Openshift Console": {
        "icon": "./assets/images/icons/color/openshift.png",
        "url": "https://console-openshift-console.apps.ocp-dev.maybank.co.id/",
        "alias": "Redhat Openshift Console",
        "description": "Graphical interface for managing and monitoring applications running in a Kubernetes environment managed by the Openshift Container Platform (OCP). The Console provides comprehensive visibility into the Kubernetes cluster, enabling administrators and developers to efficiently deploy, update, and manage applications. Through the Console, users can perform tasks such as viewing and modifying pod configurations, accessing application logs, and monitoring the health and performance of applications. It simplifies the complex process of Kubernetes management, making it an effective tool for interacting with the OCP environment and ensuring smooth operations."
    },
    "NDC": {
        "icon": "./assets/images/icons/color/atm.png",
        "url": "https://ndc.vynamic-dev-1.apps.ocp-dev.maybank.co.id",
        "alias": "NDC Assembly Console",
        "description": "Focused on managing connections from Automated Teller Machines (ATMs), the Assembly NDC is responsible for the efficient and secure communication infrastructure between the application and ATMs. It ensures that ATM transactions are processed smoothly and reliably."
    },
    "POS": {
        "icon": "./assets/images/icons/color/pos.png",
        "url": "https://pos.vynamic-dev-1.apps.ocp-dev.maybank.co.id",
        "alias": "POS Assembly Console",
        "description": "Oversees and manages the system environment and connections involving Point-of-Sale (POS) terminals, Mini ATMs, Pinpads, and Inbound Enterprise Service Bus (ESB). It plays a crucial role in ensuring the seamless operation and connectivity of these"
    },
    "National": {
        "icon": "./assets/images/icons/color/garuda.png",
        "url": "https://national.vynamic-dev-1.apps.ocp-dev.maybank.co.id",
        "alias": "National Assembly Console",
        "description": "This assembly handles the management of internal system components, including Core Banking, Cardlink, DCMS, FMS, UPG, Outbound Enterprise Service Bus (ESB), and QR Server. Its responsibilities extend to the coordination and optimization of these integral systems to maintain a robust and cohesive internal MBI financial infrastructure."
    },
    "International": {
        "icon": "./assets/images/icons/color/international.png",
        "url": "https://international.vynamic-dev-1.apps.ocp-dev.maybank.co.id",
        "alias": "International Assembly Console",
        "description": "International Assembly is dedicated to managing interconnections to and from external entities such as Prima, ALTO, ALTO QR, Mastercard, VISA, and JCB. It focuses on facilitating seamless data exchange and communication with international payment networks, ensuring the interoperability of the application on a global scale."
    },
    "Routes": {
        "icon": "./assets/images/icons/color/network.png",
        "url": "https://routing.vynamic-dev-1.apps.ocp-dev.maybank.co.id",
        "alias": "Routes Assembly Console",
        "description": "Setting up routes or pathways for data within the system. Managing transaction routes or the flow of information between various system components, such as between POS terminals, ATMs, the core banking system, and external payment networks. The Route assembly ensures that data is properly directed to the correct destination, optimizing system efficiency and managing interconnections with internal and external systems."
    },
    "Crypt": {
        "icon": "./assets/images/icons/color/security.png",
        "url": "https://crypt.vynamic-dev-1.apps.ocp-dev.maybank.co.id",
        "alias": "Crypt Assembly Console",
        "description": "Responsible for encryption and decryption functions. Crypt assembly can handle the encryption process to safeguard sensitive information such as transaction data and credit card information. Its functions may include implementing security protocols and cryptographic algorithms to ensure that data transmitted and received over the network is secure from security threats."
    },
    "Elastic": {
        "icon": "./assets/images/icons/color/elastic.png",
        "url": "http://url2com",
        "alias": "Elasticsearch",
        "description": "Plays a crucial role in housing a comprehensive repository of data, including performance metrics, transaction logs, and connection logs. It acts as a centralized storage solution that enables users to delve into intricate details of the system's functioning. This encompasses monitoring the performance of various banking processes, analyzing transaction histories, and tracking the status of connections within the middleware infrastructure. Elasticsearch's rich querying capabilities empower users to extract specific information from the vast dataset efficiently. It becomes a go-to platform for not only understanding overall system health but also for troubleshooting and addressing specific issues related to transaction processing and connectivity. In essence, Elasticsearch provides a detailed and accessible record of the middleware and switching ecosystem, facilitating informed decision-making and efficient issue resolution."
    },
    "Jenkins": {
        "icon": "./assets/images/icons/color/jenkins.png",
        "url": "http://digibranch02.southeastasia.cloudapp.azure.com:8080/login?from=%2F",
        "alias": "Jenkins Console",
        "description": "Automate the CI/CD processes. It ensures efficient code integration, testing, and deployment, fostering a streamlined and error-resistant development lifecycle. Additionally, Jenkins provides real-time monitoring, offering insights into the system's health and deployment progress."
    }
}